{
  "has_precipitation": true,
  "temperature": 0.5,
  "downfall": 0.5,
  "effects": {
    "ambient_sound": "block.azalea_leaves.break",
    "music": {
      "sound": "ambient.soul_sand_valley.additions",
      "min_delay": 12000,
      "max_delay": 24000,
      "replace_current_music": true
    },
    "particle": {
      "options": {
        "type": "dragon_breath"
      },
      "probability": 0.061
    },
    "foliage_color": 10387789,
    "grass_color": 9470285,
    "sky_color": -3407872,
    "fog_color": -3407872,
    "water_color": -52429,
    "water_fog_color": -16777216
  },
  "spawners": {
    "monster": [
      {
        "type": "ender_dragon",
        "weight": 20,
        "minCount": 4,
        "maxCount": 4
      }
    ],
    "creature": [
      {
        "type": "allay",
        "weight": 25,
        "minCount": 3,
        "maxCount": 15
      },
      {
        "type": "lucia_bick_masters:sam",
        "weight": 20,
        "minCount": 4,
        "maxCount": 4
      },
      {
        "type": "cat",
        "weight": 20,
        "minCount": 4,
        "maxCount": 4
      }
    ],
    "ambient": [],
    "axolotls": [],
    "underground_water_creature": [],
    "water_creature": [],
    "water_ambient": [],
    "misc": []
  },
  "spawn_costs": {},
  "carvers": {
    "air": [
      "minecraft:cave",
      "minecraft:cave_extra_underground",
      "minecraft:canyon"
    ]
  },
  "features": [
    [],
    [
      "minecraft:lake_lava_underground"
    ],
    [],
    [],
    [],
    [],
    [
      "minecraft:ore_coal_upper",
      "minecraft:ore_coal_lower",
      "minecraft:ore_iron_upper",
      "minecraft:ore_iron_middle",
      "minecraft:ore_iron_small",
      "minecraft:ore_gold",
      "minecraft:ore_gold_lower",
      "minecraft:ore_redstone",
      "minecraft:ore_redstone_lower",
      "minecraft:ore_diamond",
      "minecraft:ore_diamond_large",
      "minecraft:ore_diamond_buried",
      "minecraft:ore_lapis",
      "minecraft:ore_lapis_buried",
      "minecraft:ore_copper",
      "minecraft:underwater_magma"
    ],
    [],
    [],
    [
      "lucia_bick_masters:oreobiome_tree"
    ],
    [
      "minecraft:freeze_top_layer"
    ]
  ]
}