{
  "_fv": 60,
  "_type": "fluid",
  "definition": {
    "name": "BLOOD",
    "bucketName": "BLOOD Bucket",
    "textureStill": "bloodtx",
    "textureFlowing": "bloodtx",
    "tintType": "No tint",
    "canMultiply": true,
    "flowRate": 5,
    "levelDecrease": 1,
    "slopeFindDistance": 4,
    "spawnParticles": true,
    "dripParticle": {
      "value": "EXPLOSION_NORMAL"
    },
    "flowStrength": 1.3,
    "luminosity": 0,
    "density": 1000,
    "viscosity": 1000,
    "temperature": 300,
    "type": "WATER",
    "generateBucket": true,
    "textureBucket": "blood",
    "creativeTab": {
      "value": "MATERIALS"
    },
    "emptySound": {
      "value": "ambient.soul_sand_valley.loop"
    },
    "rarity": "UNCOMMON",
    "specialInformation": {
      "fixedValue": []
    },
    "resistance": 100.0,
    "luminance": 0,
    "lightOpacity": 11,
    "emissiveRendering": false,
    "tickRate": 0,
    "flammability": 0,
    "fireSpreadSpeed": 0,
    "colorOnMap": "DEFAULT"
  }
}