{
  "_fv": 60,
  "_type": "armor",
  "definition": {
    "enableHelmet": true,
    "textureHelmet": "fhfghghj_head",
    "enableBody": true,
    "textureBody": "fhfghghj_body",
    "enableLeggings": true,
    "textureLeggings": "fhfghghj_leggings",
    "enableBoots": true,
    "textureBoots": "fhfghghj_boots",
    "creativeTab": {
      "value": "COMBAT"
    },
    "armorTextureFile": "fhfghghj",
    "helmetName": "Fgfgfg Helmet",
    "bodyName": "Fgfgfg Chestplate",
    "leggingsName": "Fgfgfg Leggings",
    "bootsName": "Fgfgfg Boots",
    "helmetSpecialInformation": {
      "fixedValue": []
    },
    "bodySpecialInformation": {
      "fixedValue": []
    },
    "leggingsSpecialInformation": {
      "fixedValue": []
    },
    "bootsSpecialInformation": {
      "fixedValue": []
    },
    "helmetModelName": "Default",
    "helmetModelPart": "Helmet",
    "helmetModelTexture": "From armor",
    "bodyModelName": "Default",
    "bodyModelPart": "Body",
    "armsModelPartL": "Arms L",
    "armsModelPartR": "Arms R",
    "bodyModelTexture": "From armor",
    "leggingsModelName": "Default",
    "leggingsModelPartL": "Leggings L",
    "leggingsModelPartR": "Leggings R",
    "leggingsModelTexture": "From armor",
    "bootsModelName": "Default",
    "bootsModelPartL": "Boots L",
    "bootsModelPartR": "Boots R",
    "bootsModelTexture": "From armor",
    "helmetItemRenderType": 0,
    "helmetItemCustomModelName": "Normal",
    "bodyItemRenderType": 0,
    "bodyItemCustomModelName": "Normal",
    "leggingsItemRenderType": 0,
    "leggingsItemCustomModelName": "Normal",
    "bootsItemRenderType": 0,
    "bootsItemCustomModelName": "Normal",
    "helmetImmuneToFire": false,
    "bodyImmuneToFire": false,
    "leggingsImmuneToFire": false,
    "bootsImmuneToFire": false,
    "helmetPiglinNeutral": {
      "fixedValue": false
    },
    "bodyPiglinNeutral": {
      "fixedValue": false
    },
    "leggingsPiglinNeutral": {
      "fixedValue": false
    },
    "bootsPiglinNeutral": {
      "fixedValue": false
    },
    "maxDamage": 94,
    "damageValueHelmet": 10,
    "damageValueBody": 10,
    "damageValueLeggings": 10,
    "damageValueBoots": 10,
    "enchantability": 12,
    "toughness": 3.4,
    "knockbackResistance": 0.7,
    "equipSound": {
      "value": ""
    },
    "repairItems": [
      {
        "value": "Blocks.CRYING_OBSIDIAN"
      }
    ]
  }
}