{
  "_fv": 60,
  "_type": "livingentity",
  "definition": {
    "mobName": "JEROLD",
    "mobLabel": "",
    "mobModelName": "Biped",
    "mobModelTexture": "steve.png",
    "transparentModelCondition": {
      "fixedValue": false
    },
    "isShakingCondition": {
      "fixedValue": false
    },
    "solidBoundingBox": {
      "fixedValue": false
    },
    "visualScale": {
      "fixedValue": 1.0
    },
    "boundingBoxScale": {
      "fixedValue": 1.0
    },
    "modelLayers": [],
    "modelWidth": 0.6,
    "modelHeight": 1.8,
    "modelShadowSize": 0.7,
    "mountedYOffset": 0.0,
    "hasSpawnEgg": true,
    "spawnEggBaseColor": {
      "value": -6710887,
      "falpha": 0.0
    },
    "spawnEggDotColor": {
      "value": -205,
      "falpha": 0.0
    },
    "creativeTab": {
      "value": "MISC"
    },
    "isBoss": true,
    "bossBarColor": "PINK",
    "bossBarType": "NOTCHED_20",
    "equipmentMainHand": {
      "value": ""
    },
    "equipmentOffHand": {
      "value": ""
    },
    "equipmentHelmet": {
      "value": ""
    },
    "equipmentBody": {
      "value": ""
    },
    "equipmentLeggings": {
      "value": ""
    },
    "equipmentBoots": {
      "value": ""
    },
    "mobBehaviourType": "Mob",
    "mobCreatureType": "UNDEFINED",
    "attackStrength": 15,
    "attackKnockback": 4.3,
    "knockbackResistance": 1.6,
    "movementSpeed": 3.9,
    "stepHeight": 1.2000000000000002,
    "armorBaseValue": 1.1,
    "trackingRange": 66,
    "followRange": 18,
    "health": 98,
    "xpAmount": 39,
    "waterMob": false,
    "breatheUnderwater": {
      "fixedValue": false
    },
    "pushedByFluids": {
      "fixedValue": true
    },
    "flyingMob": false,
    "guiBoundTo": "<NONE>",
    "inventorySize": 9,
    "inventoryStackSize": 64,
    "disableCollisions": false,
    "ridable": true,
    "canControlForward": false,
    "canControlStrafe": true,
    "immuneToFire": false,
    "immuneToArrows": false,
    "immuneToFallDamage": true,
    "immuneToCactus": true,
    "immuneToDrowning": true,
    "immuneToLightning": false,
    "immuneToPotions": false,
    "immuneToPlayer": false,
    "immuneToExplosion": false,
    "immuneToTrident": false,
    "immuneToAnvil": false,
    "immuneToWither": false,
    "immuneToDragonBreath": false,
    "mobDrop": {
      "value": "Items.SPAWN_EGG#93"
    },
    "livingSound": {
      "value": "entity.bee.death"
    },
    "hurtSound": {
      "value": "entity.bee.death"
    },
    "deathSound": {
      "value": "entity.allay.death"
    },
    "stepSound": {
      "value": "entity.bee.death"
    },
    "entityDataEntries": [],
    "hasAI": true,
    "aiBase": "(none)",
    "aixml": "<xml xmlns=\"https://developers.google.com/blockly/xml\"><block type=\"aitasks_container\" deletable=\"false\" x=\"27\" y=\"56\"><next><block type=\"attack_on_collide\"><field name=\"speed\">1.2</field><field name=\"longmemory\">FALSE</field><field name=\"condition\">null,null</field><next><block type=\"wander\"><field name=\"speed\">1</field><field name=\"condition\">null,null</field><next><block type=\"attack_action\"><field name=\"callhelp\">FALSE</field><field name=\"condition\">null,null</field><next><block type=\"look_around\"><field name=\"condition\">null,null</field><next><block type=\"swim_in_water\"><field name=\"condition\">null,null</field></block></next></block></next></block></next></block></next></block></next></block><block type=\"attack_entity\" x=\"709\" y=\"257\"><field name=\"insight\">TRUE</field><field name=\"nearby\">TRUE</field><field name=\"entity\"></field><field name=\"condition\">null,null</field></block></xml>",
    "breedable": false,
    "tameable": false,
    "breedTriggerItems": [],
    "ranged": false,
    "rangedAttackItem": {
      "value": ""
    },
    "rangedItemType": "Default item",
    "rangedAttackInterval": 20,
    "rangedAttackRadius": 10.0,
    "spawnThisMob": true,
    "doesDespawnWhenIdle": false,
    "spawningProbability": 20,
    "mobSpawningType": "monster",
    "minNumberOfMobsPerGroup": 17,
    "maxNumberOfMobsPerGroup": 17,
    "restrictionBiomes": [
      {
        "value": "plains"
      }
    ],
    "spawnInDungeons": false
  }
}