{
  "_fv": 60,
  "_type": "biome",
  "definition": {
    "name": "Oreobiome",
    "groundBlock": {
      "value": "CUSTOM:Yaroreo"
    },
    "undergroundBlock": {
      "value": "CUSTOM:Oreodirt"
    },
    "underwaterBlock": {
      "value": "CUSTOM:Oreowawa"
    },
    "airColor": {
      "value": -3407872,
      "falpha": 0.0
    },
    "waterColor": {
      "value": -52429,
      "falpha": 0.0
    },
    "waterFogColor": {
      "value": -16777216,
      "falpha": 0.0
    },
    "ambientSound": {
      "value": "block.azalea_leaves.break"
    },
    "additionsSound": {
      "value": ""
    },
    "music": {
      "value": "ambient.soul_sand_valley.additions"
    },
    "moodSound": {
      "value": ""
    },
    "moodSoundDelay": 6000,
    "spawnParticles": true,
    "particleToSpawn": {
      "value": "DRAGON_BREATH"
    },
    "particlesProbability": 6.1,
    "rainingPossibility": 0.5,
    "temperature": 0.5,
    "spawnBiome": true,
    "spawnInCaves": false,
    "spawnBiomeNether": false,
    "genTemperature": {
      "min": -0.5,
      "max": 0.5
    },
    "genHumidity": {
      "min": -0.5,
      "max": 0.5
    },
    "genContinentalness": {
      "min": 0.3,
      "max": 1.0
    },
    "genErosion": {
      "min": -0.5,
      "max": 0.5
    },
    "genWeirdness": {
      "min": -1.0,
      "max": 1.0
    },
    "treesPerChunk": 7,
    "vanillaTreeType": "Default",
    "treeType": 1,
    "minHeight": 29,
    "treeStem": {
      "value": "CUSTOM:Oreowood"
    },
    "treeBranch": {
      "value": "CUSTOM:Oreoleaf"
    },
    "treeVines": {
      "value": ""
    },
    "treeFruits": {
      "value": ""
    },
    "defaultFeatures": [
      "Caves",
      "Ores",
      "FrozenTopLayer"
    ],
    "spawnStronghold": true,
    "spawnMineshaft": true,
    "spawnMineshaftMesa": false,
    "spawnPillagerOutpost": false,
    "villageType": "taiga",
    "spawnWoodlandMansion": true,
    "spawnJungleTemple": false,
    "spawnDesertPyramid": true,
    "spawnSwampHut": true,
    "spawnIgloo": false,
    "spawnOceanMonument": false,
    "spawnShipwreck": true,
    "spawnShipwreckBeached": true,
    "spawnBuriedTreasure": true,
    "oceanRuinType": "COLD",
    "spawnNetherBridge": true,
    "spawnNetherFossil": true,
    "spawnBastionRemnant": false,
    "spawnEndCity": false,
    "spawnRuinedPortal": "SWAMP",
    "spawnEntries": [
      {
        "entity": {
          "value": "EntityAllay"
        },
        "minGroup": 3,
        "maxGroup": 15,
        "weight": 25,
        "spawnType": "creature"
      },
      {
        "entity": {
          "value": "CUSTOM:SAM"
        },
        "minGroup": 4,
        "maxGroup": 4,
        "weight": 20,
        "spawnType": "creature"
      },
      {
        "entity": {
          "value": "EntityCat"
        },
        "minGroup": 4,
        "maxGroup": 4,
        "weight": 20,
        "spawnType": "creature"
      },
      {
        "entity": {
          "value": "EntityDragon"
        },
        "minGroup": 4,
        "maxGroup": 4,
        "weight": 20,
        "spawnType": "monster"
      }
    ]
  }
}