{
  "_fv": 60,
  "_type": "tool",
  "definition": {
    "toolType": "Sword",
    "renderType": 0,
    "blockingRenderType": 0,
    "texture": "seep",
    "customModelName": "Normal",
    "blockingModelName": "Normal blocking",
    "name": "Seep",
    "specialInformation": {
      "fixedValue": []
    },
    "creativeTab": {
      "value": "COMBAT"
    },
    "harvestLevel": 2,
    "efficiency": 4.0,
    "attackSpeed": 1.0,
    "enchantability": 2,
    "damageVsEntity": 123.0,
    "usageCount": 100,
    "blocksAffected": [],
    "glowCondition": {
      "fixedValue": true
    },
    "repairItems": [
      {
        "value": "Blocks.SAPLING#2"
      }
    ],
    "immuneToFire": false,
    "stayInGridWhenCrafting": false,
    "damageOnCrafting": false
  }
}