{
  "_fv": 60,
  "_type": "recipe",
  "definition": {
    "recipeType": "Crafting",
    "recipeRetstackSize": 1,
    "group": "",
    "cookingBookCategory": "MISC",
    "xpReward": 0.0,
    "cookingTime": 200,
    "craftingBookCategory": "MISC",
    "recipeShapeless": false,
    "recipeSlots": [
      {
        "value": ""
      },
      {
        "value": "CUSTOM:SINGUIMINGET"
      },
      {
        "value": ""
      },
      {
        "value": "Blocks.AMETHYST_CLUSTER"
      },
      {
        "value": "CUSTOM:SINGUIMINGET"
      },
      {
        "value": "Blocks.AMETHYST_CLUSTER"
      },
      {
        "value": ""
      },
      {
        "value": "Blocks.LIGHTNING_ROD"
      },
      {
        "value": ""
      }
    ],
    "recipeReturnStack": {
      "value": "CUSTOM:SINGUIMSWORD"
    },
    "name": "singuimswordrecipe",
    "namespace": "mod"
  }
}