{
  "_fv": 60,
  "_type": "tool",
  "definition": {
    "toolType": "Sword",
    "renderType": 0,
    "blockingRenderType": 0,
    "texture": "singuim_sword",
    "customModelName": "Normal",
    "blockingModelName": "Normal blocking",
    "name": "SINGUIMSWORD",
    "specialInformation": {
      "fixedValue": []
    },
    "creativeTab": {
      "value": "COMBAT"
    },
    "harvestLevel": 0,
    "efficiency": 1.0,
    "attackSpeed": 1.7000000000000002,
    "enchantability": 27,
    "damageVsEntity": 7.0,
    "usageCount": 178,
    "blocksAffected": [],
    "glowCondition": {
      "fixedValue": false
    },
    "repairItems": [
      {
        "value": "CUSTOM:SINGUIMINGET"
      }
    ],
    "immuneToFire": false,
    "stayInGridWhenCrafting": false,
    "damageOnCrafting": false
  }
}