{
  "_fv": 60,
  "_type": "potion",
  "definition": {
    "potionName": "Potion of Ee Esss SR Ain In Ga Ar OOHW As",
    "splashName": "Splash Potion of Ee Esss SR Ain In Ga Ar OOHW As",
    "lingeringName": "Lingering Potion of Ee Esss SR Ain In Ga Ar OOHW As",
    "arrowName": "Arrow of Ee Esss SR Ain In Ga Ar OOHW As",
    "effects": [
      {
        "effect": {
          "value": "CUSTOM:Arrow"
        },
        "duration": 200,
        "amplifier": 0,
        "ambient": false,
        "showParticles": true
      }
    ]
  }
}