{
  "_fv": 60,
  "_type": "fluid",
  "definition": {
    "name": "EMPTYDEPRESSION",
    "bucketName": "EMPTY DEPRESSION Bucket",
    "textureStill": "faced",
    "textureFlowing": "flowfaced",
    "tintType": "No tint",
    "canMultiply": true,
    "flowRate": 10,
    "levelDecrease": 1,
    "slopeFindDistance": 4,
    "spawnParticles": true,
    "dripParticle": {
      "value": "SMOKE_NORMAL"
    },
    "flowStrength": 1.0,
    "luminosity": 0,
    "density": 1000,
    "viscosity": 1000,
    "temperature": 300,
    "type": "LAVA",
    "generateBucket": true,
    "textureBucket": "depression_bucket",
    "creativeTab": {
      "value": "TRANSPORTATION"
    },
    "emptySound": {
      "value": "entity.wither.ambient"
    },
    "rarity": "COMMON",
    "specialInformation": {
      "fixedValue": []
    },
    "resistance": 100.0,
    "luminance": 0,
    "lightOpacity": 1,
    "emissiveRendering": false,
    "tickRate": 0,
    "flammability": 0,
    "fireSpreadSpeed": 0,
    "colorOnMap": "BLACK"
  }
}