{
  "_fv": 60,
  "_type": "structure",
  "definition": {
    "structure": "test",
    "projection": "rigid",
    "ignoredBlocks": [
      {
        "value": "Blocks.STRUCTURE_BLOCK"
      }
    ],
    "spacing": 5,
    "separation": 2,
    "restrictionBiomes": [
      {
        "value": "CUSTOM:Domain"
      }
    ],
    "surfaceDetectionType": "WORLD_SURFACE_WG",
    "terrainAdaptation": "none",
    "generationStep": "SURFACE_STRUCTURES",
    "size": 1,
    "maxDistanceFromCenter": 64,
    "jigsawPools": []
  }
}