{
  "_fv": 60,
  "_type": "structure",
  "definition": {
    "structure": "bigdestroyedbuilding",
    "projection": "terrain_matching",
    "ignoredBlocks": [
      {
        "value": "Blocks.STRUCTURE_BLOCK"
      }
    ],
    "spacing": 9,
    "separation": 8,
    "restrictionBiomes": [
      {
        "value": "CUSTOM:Ded"
      }
    ],
    "surfaceDetectionType": "WORLD_SURFACE_WG",
    "terrainAdaptation": "none",
    "generationStep": "SURFACE_STRUCTURES",
    "size": 1,
    "maxDistanceFromCenter": 64,
    "jigsawPools": []
  }
}