{
  "_fv": 60,
  "_type": "enchantment",
  "definition": {
    "name": "More Boom Boom",
    "type": "WEAPON",
    "rarity": "VERY_RARE",
    "minLevel": 30,
    "maxLevel": 30,
    "damageModifier": 0,
    "compatibleEnchantments": [],
    "excludeEnchantments": false,
    "compatibleItems": [
      {
        "value": "CUSTOM:THEPEBBLEPARTTWO"
      }
    ],
    "excludeItems": false,
    "isTreasureEnchantment": false,
    "isCurse": false,
    "isAllowedOnBooks": true,
    "canGenerateInLootTables": true,
    "canVillagerTrade": true
  }
}