{
  "_fv": 60,
  "_type": "tool",
  "definition": {
    "toolType": "Sword",
    "renderType": 0,
    "blockingRenderType": 0,
    "texture": "sword",
    "customModelName": "Normal",
    "blockingModelName": "Normal blocking",
    "name": "Foir Sword",
    "specialInformation": {
      "fixedValue": []
    },
    "creativeTab": {
      "value": "COMBAT"
    },
    "harvestLevel": 1,
    "efficiency": 4.0,
    "attackSpeed": 1.3,
    "enchantability": 2,
    "damageVsEntity": 7.0,
    "usageCount": 2000,
    "blocksAffected": [],
    "glowCondition": {
      "fixedValue": false
    },
    "repairItems": [
      {
        "value": "CUSTOM:Cuplousion"
      }
    ],
    "immuneToFire": false,
    "stayInGridWhenCrafting": false,
    "damageOnCrafting": false,
    "onBlockDestroyedWithTool": {
      "name": "GregBlockDestroyedWithTool"
    }
  }
}