{
  "_fv": 60,
  "_type": "recipe",
  "definition": {
    "recipeType": "Crafting",
    "recipeRetstackSize": 1,
    "group": "",
    "cookingBookCategory": "MISC",
    "xpReward": 0.0,
    "cookingTime": 200,
    "craftingBookCategory": "EQUIPMENT",
    "recipeShapeless": false,
    "recipeSlots": [
      {
        "value": "CUSTOM:Cuplousion"
      },
      {
        "value": "CUSTOM:Cuplousion"
      },
      {
        "value": "CUSTOM:Cuplousion"
      },
      {
        "value": "CUSTOM:Cuplousion"
      },
      {
        "value": "CUSTOM:Greg"
      },
      {
        "value": "CUSTOM:Cuplousion"
      },
      {
        "value": "CUSTOM:Cuplousion"
      },
      {
        "value": "CUSTOM:Cuplousion"
      },
      {
        "value": "CUSTOM:Cuplousion"
      }
    ],
    "recipeReturnStack": {
      "value": "CUSTOM:Gregupgrade"
    },
    "name": "gregupgrade_c",
    "namespace": "mod"
  }
}