{
  "_fv": 60,
  "_type": "projectile",
  "definition": {
    "projectileItem": {
      "value": "CUSTOM:THEPEBBLEPARTTWO"
    },
    "showParticles": false,
    "actionSound": {
      "value": "entity.arrow.shoot"
    },
    "igniteFire": false,
    "power": 3.0,
    "damage": 6.0,
    "knockback": 7,
    "entityModel": "Default",
    "customModelTexture": "the_pebble.png",
    "onHitsBlock": {
      "name": "THEPEBBLEProjectileHitsBlock"
    },
    "onHitsEntity": {
      "name": "THEPEBBLEProjectileHitsBlock"
    }
  }
}