{
  "type": "minecraft:tree",
  "config": {
    "force_dirt": false,
    "ignore_vines": true,
    "minimum_size": {
      "type": "minecraft:two_layers_feature_size",
      "limit": 1,
      "lower_size": 0,
      "upper_size": 1
    },
    "dirt_provider": {
      "type": "minecraft:simple_state_provider",
      "state": {
        "Name": "minecraft:dirt"
      }
    },
    "trunk_provider": {
      "type": "minecraft:simple_state_provider",
      "state": {
        "Name": "logan_lashley_masters:dedloog"
      }
    },
    "foliage_provider": {
      "type": "minecraft:simple_state_provider",
      "state": {
        "Name": "minecraft:air"
      }
    },
    "trunk_placer": {
      "type": "minecraft:straight_trunk_placer",
      "base_height": 9,
      "height_rand_a": 2,
      "height_rand_b": 0
    },
    "foliage_placer": {
      "type": "minecraft:blob_foliage_placer",
      "radius": 2,
      "offset": 0,
      "height": 3
    },
    "decorators": [
      {
        "type": "logan_lashley_masters:ded_tree_fruit_decorator"
      },
      {
        "type": "logan_lashley_masters:ded_tree_trunk_decorator"
      },
      {
        "type": "logan_lashley_masters:ded_tree_leave_decorator"
      }
    ]
  }
}