{
  "parent": "block/cube",
  "textures": {
    "down": "emerson_stock_masters:block/grass_cheese_bottom",
    "up": "emerson_stock_masters:block/grass_cheese_top",
    "north": "emerson_stock_masters:block/cheese_grass_sides",
    "east": "emerson_stock_masters:block/cheese_grass_sides",
    "south": "emerson_stock_masters:block/cheese_grass_sides",
    "west": "emerson_stock_masters:block/cheese_grass_sides",
    "particle": "emerson_stock_masters:block/grass_cheese_bottom"
  },
  "render_type": "solid"
}