{
  "has_precipitation": true,
  "temperature": 0.5,
  "downfall": 0.5,
  "effects": {
    "foliage_color": -13369345,
    "grass_color": -65485,
    "sky_color": -205,
    "fog_color": -205,
    "water_color": -13369549,
    "water_fog_color": -16776961
  },
  "spawners": {
    "monster": [],
    "creature": [],
    "ambient": [],
    "axolotls": [
      {
        "type": "mario_rincon_masters:timmy",
        "weight": 20,
        "minCount": 5,
        "maxCount": 5
      }
    ],
    "underground_water_creature": [],
    "water_creature": [],
    "water_ambient": [],
    "misc": []
  },
  "spawn_costs": {},
  "carvers": {},
  "features": [
    [],
    [],
    [],
    [],
    [],
    [],
    [],
    [],
    [],
    [
      "mario_rincon_masters:timmyforest_tree"
    ],
    [
      "minecraft:freeze_top_layer"
    ]
  ]
}