{
  "_fv": 60,
  "_type": "recipe",
  "definition": {
    "recipeType": "Crafting",
    "recipeRetstackSize": 9,
    "group": "",
    "cookingBookCategory": "MISC",
    "xpReward": 0.0,
    "cookingTime": 200,
    "craftingBookCategory": "MISC",
    "recipeShapeless": false,
    "recipeSlots": [
      {
        "value": "Blocks.SEA_PICKLE"
      },
      {
        "value": "Items.END_CRYSTAL"
      },
      {
        "value": "Blocks.SEA_PICKLE"
      },
      {
        "value": "Items.END_CRYSTAL"
      },
      {
        "value": "CUSTOM:Cheesemoonblock"
      },
      {
        "value": "Items.END_CRYSTAL"
      },
      {
        "value": "Blocks.SEA_PICKLE"
      },
      {
        "value": "Items.END_CRYSTAL"
      },
      {
        "value": "Blocks.SEA_PICKLE"
      }
    ],
    "recipeReturnStack": {
      "value": "CUSTOM:Peiceocheese"
    },
    "name": "cheesetopeice",
    "namespace": "mod"
  }
}