{
  "_fv": 60,
  "_type": "plant",
  "definition": {
    "renderType": 12,
    "texture": "cheese_flower",
    "textureBottom": "bottom_cheese_flower",
    "customModelName": "Cross model",
    "itemTexture": "",
    "particleTexture": "chese_pe",
    "tintType": "No tint",
    "isItemTinted": false,
    "plantType": "double",
    "suspiciousStewEffect": "NAUSEA",
    "suspiciousStewDuration": 128,
    "growapableSpawnType": "Plains",
    "growapableMaxHeight": 12,
    "customBoundingBox": false,
    "disableOffset": false,
    "boundingBoxes": [
      {
        "mx": 0.0,
        "my": 0.0,
        "mz": 0.0,
        "Mx": 16.0,
        "My": 16.0,
        "Mz": 16.0,
        "subtract": false
      }
    ],
    "name": "Cheese plant",
    "specialInformation": {
      "fixedValue": []
    },
    "creativeTab": {
      "value": "DECORATIONS"
    },
    "hardness": 0.0,
    "resistance": 0.0,
    "luminance": 0,
    "unbreakable": false,
    "isSolid": false,
    "isCustomSoundType": false,
    "soundOnStep": {
      "value": "PLANT"
    },
    "breakSound": {
      "value": ""
    },
    "stepSound": {
      "value": ""
    },
    "placeSound": {
      "value": ""
    },
    "hitSound": {
      "value": ""
    },
    "fallSound": {
      "value": ""
    },
    "useLootTableForDrops": true,
    "customDrop": {
      "value": "CUSTOM:Cheesemoonblock"
    },
    "dropAmount": 1,
    "forceTicking": false,
    "emissiveRendering": false,
    "hasTileEntity": false,
    "isReplaceable": false,
    "colorOnMap": "DEFAULT",
    "creativePickItem": {
      "value": "Blocks.PUMPKIN_STEM"
    },
    "offsetType": "XZ",
    "aiPathNodeType": "DEFAULT",
    "flammability": 100,
    "fireSpreadSpeed": 60,
    "jumpFactor": 1.0,
    "speedFactor": -12.0,
    "canBePlacedOn": [],
    "isBonemealable": true,
    "onBonemealSuccess": {
      "name": "CheesemoonblockBlockDestroyedByPlayer"
    },
    "frequencyOnChunks": 5,
    "generateFeature": false,
    "restrictionBiomes": [],
    "generationType": "Flower",
    "patchSize": 64,
    "generateAtAnyHeight": false,
    "onDestroyedByPlayer": {
      "name": "CheesemoonblockBlockDestroyedByPlayer"
    },
    "onDestroyedByExplosion": {
      "name": "CheesemoonblockBlockDestroyedByPlayer"
    },
    "onRightClicked": {
      "name": "CheesemoonblockBlockDestroyedByPlayer"
    },
    "onHitByProjectile": {
      "name": "CheesemoonblockBlockDestroyedByPlayer"
    }
  }
}