{
  "_fv": 60,
  "_type": "block",
  "definition": {
    "texture": "cheese",
    "textureTop": "cheese",
    "textureLeft": "cheese",
    "textureFront": "cheese",
    "textureRight": "cheese",
    "textureBack": "cheese",
    "renderType": 10,
    "customModelName": "Normal",
    "rotationMode": 0,
    "enablePitch": false,
    "emissiveRendering": false,
    "displayFluidOverlay": false,
    "itemTexture": "",
    "particleTexture": "",
    "tintType": "No tint",
    "isItemTinted": false,
    "hasTransparency": false,
    "connectedSides": false,
    "transparencyType": "SOLID",
    "disableOffset": false,
    "boundingBoxes": [
      {
        "mx": 0.0,
        "my": 0.0,
        "mz": 0.0,
        "Mx": 16.0,
        "My": 16.0,
        "Mz": 16.0,
        "subtract": false
      }
    ],
    "name": "Cheesemoonblock",
    "specialInformation": {
      "fixedValue": []
    },
    "hardness": 3.4,
    "resistance": 30.0,
    "hasGravity": false,
    "isWaterloggable": false,
    "creativeTab": {
      "value": "BREWING"
    },
    "destroyTool": "shovel",
    "customDrop": {
      "value": ""
    },
    "dropAmount": 1,
    "useLootTableForDrops": false,
    "requiresCorrectTool": true,
    "enchantPowerBonus": 0.0,
    "plantsGrowOn": false,
    "canRedstoneConnect": false,
    "lightOpacity": 15,
    "material": {
      "value": "CLOTH"
    },
    "tickRate": 0,
    "tickRandomly": false,
    "isReplaceable": false,
    "canProvidePower": false,
    "emittedRedstonePower": {
      "fixedValue": 15.0
    },
    "colorOnMap": "DEFAULT",
    "creativePickItem": {
      "value": ""
    },
    "offsetType": "NONE",
    "aiPathNodeType": "DEFAULT",
    "flammability": 0,
    "fireSpreadSpeed": 0,
    "isLadder": false,
    "slipperiness": 0.01,
    "speedFactor": 1.0,
    "jumpFactor": 8.0,
    "reactionToPushing": "NORMAL",
    "isNotColidable": false,
    "isCustomSoundType": false,
    "soundOnStep": {
      "value": "SLIME"
    },
    "breakSound": {
      "value": ""
    },
    "fallSound": {
      "value": ""
    },
    "hitSound": {
      "value": ""
    },
    "placeSound": {
      "value": ""
    },
    "stepSound": {
      "value": ""
    },
    "luminance": 0,
    "unbreakable": false,
    "breakHarvestLevel": 30,
    "isBonemealable": false,
    "hasInventory": false,
    "guiBoundTo": "<NONE>",
    "openGUIOnRightClick": false,
    "inventorySize": 9,
    "inventoryStackSize": 64,
    "inventoryDropWhenDestroyed": true,
    "inventoryComparatorPower": true,
    "inventoryOutSlotIDs": [],
    "inventoryInSlotIDs": [],
    "hasEnergyStorage": false,
    "energyInitial": 0,
    "energyCapacity": 400000,
    "energyMaxReceive": 200,
    "energyMaxExtract": 200,
    "isFluidTank": false,
    "fluidCapacity": 8000,
    "fluidRestrictions": [],
    "onDestroyedByPlayer": {
      "name": "CheesemoonblockBlockDestroyedByPlayer"
    },
    "onDestroyedByExplosion": {
      "name": "CheesemoonblockBlockDestroyedByPlayer"
    },
    "generateFeature": false,
    "restrictionBiomes": [],
    "blocksToReplace": [
      {
        "value": "TAG:stone_ore_replaceables"
      },
      {
        "value": "Blocks.AIR"
      }
    ],
    "generationShape": "UNIFORM",
    "frequencyPerChunks": 1,
    "frequencyOnChunk": 1,
    "minGenerateHeight": 80,
    "maxGenerateHeight": 120
  }
}