{
  "_fv": 60,
  "_type": "tool",
  "definition": {
    "toolType": "Sword",
    "renderType": 0,
    "blockingRenderType": 0,
    "texture": "opal_sword",
    "customModelName": "Normal",
    "blockingModelName": "Normal blocking",
    "name": "Opalslayeraxe",
    "specialInformation": {
      "fixedValue": []
    },
    "creativeTab": {
      "value": "COMBAT"
    },
    "harvestLevel": 0,
    "efficiency": 0.4,
    "attackSpeed": 2.0,
    "enchantability": 32,
    "damageVsEntity": 8.2,
    "usageCount": 1602,
    "blocksAffected": [],
    "glowCondition": {
      "fixedValue": true
    },
    "repairItems": [
      {
        "value": "CUSTOM:Opalingot"
      }
    ],
    "immuneToFire": true,
    "stayInGridWhenCrafting": true,
    "damageOnCrafting": false
  }
}