{
  "_fv": 60,
  "_type": "recipe",
  "definition": {
    "recipeType": "Smithing",
    "recipeRetstackSize": 1,
    "group": "",
    "cookingBookCategory": "MISC",
    "xpReward": 0.0,
    "cookingTime": 200,
    "craftingBookCategory": "MISC",
    "recipeShapeless": false,
    "smithingInputStack": {
      "value": "CUSTOM:Peiceocheese"
    },
    "smithingInputAdditionStack": {
      "value": "Blocks.BEACON"
    },
    "smithingInputTemplateStack": {
      "value": "CUSTOM:Cheesemoonblock"
    },
    "smithingReturnStack": {
      "value": "CUSTOM:Pickle"
    },
    "name": "picklep",
    "namespace": "mod"
  }
}