{
  "_fv": 60,
  "_type": "recipe",
  "definition": {
    "recipeType": "Brewing",
    "recipeRetstackSize": 1,
    "group": "",
    "cookingBookCategory": "MISC",
    "xpReward": 0.0,
    "cookingTime": 200,
    "craftingBookCategory": "MISC",
    "recipeShapeless": false,
    "brewingInputStack": {
      "value": "CUSTOM:Rawpickleshoes"
    },
    "brewingIngredientStack": {
      "value": "CUSTOM:Pickle"
    },
    "brewingReturnStack": {
      "value": "CUSTOM:Picklearmor.boots"
    },
    "name": "rawtogood",
    "namespace": "mod"
  }
}