{
  "_fv": 60,
  "_type": "tool",
  "definition": {
    "toolType": "Sword",
    "renderType": 0,
    "blockingRenderType": 0,
    "texture": "emeraldsword",
    "customModelName": "Normal",
    "blockingModelName": "Normal blocking",
    "name": "Emeraldsword",
    "specialInformation": {
      "fixedValue": []
    },
    "creativeTab": {
      "value": "COMBAT"
    },
    "harvestLevel": 4,
    "efficiency": 8.0,
    "attackSpeed": 3.0,
    "enchantability": 40,
    "damageVsEntity": 15.0,
    "usageCount": 1561,
    "blocksAffected": [],
    "glowCondition": {
      "fixedValue": false
    },
    "repairItems": [
      {
        "value": "CUSTOM:Emeraldingot"
      }
    ],
    "immuneToFire": false,
    "stayInGridWhenCrafting": false,
    "damageOnCrafting": false
  }
}