{
  "_fv": 60,
  "_type": "biome",
  "definition": {
    "name": "Snodintown",
    "groundBlock": {
      "value": "CUSTOM:Mmmmmmmmm"
    },
    "undergroundBlock": {
      "value": "CUSTOM:Mmmmmmmmm"
    },
    "underwaterBlock": {
      "value": "Blocks.SAND#0"
    },
    "airColor": {
      "value": -6710887,
      "falpha": 0.0
    },
    "grassColor": {
      "value": -1,
      "falpha": 0.0
    },
    "foliageColor": {
      "value": -16751104,
      "falpha": 0.0
    },
    "waterColor": {
      "value": -16711732,
      "falpha": 0.0
    },
    "waterFogColor": {
      "value": -1,
      "falpha": 0.0
    },
    "ambientSound": {
      "value": ""
    },
    "additionsSound": {
      "value": ""
    },
    "music": {
      "value": ""
    },
    "moodSound": {
      "value": ""
    },
    "moodSoundDelay": 6000,
    "spawnParticles": false,
    "particleToSpawn": {
      "value": "EXPLOSION_NORMAL"
    },
    "particlesProbability": 0.5,
    "rainingPossibility": 0.5,
    "temperature": 0.5,
    "spawnBiome": true,
    "spawnInCaves": false,
    "spawnBiomeNether": false,
    "genTemperature": {
      "min": -0.5,
      "max": 0.5
    },
    "genHumidity": {
      "min": -0.5,
      "max": 0.5
    },
    "genContinentalness": {
      "min": 0.3,
      "max": 1.0
    },
    "genErosion": {
      "min": -0.5,
      "max": 0.5
    },
    "genWeirdness": {
      "min": -1.0,
      "max": 1.0
    },
    "treesPerChunk": 107,
    "vanillaTreeType": "Default",
    "treeType": 1,
    "minHeight": 7,
    "treeStem": {
      "value": "CUSTOM:W"
    },
    "treeBranch": {
      "value": "Blocks.LEAVES2#0"
    },
    "treeVines": {
      "value": ""
    },
    "treeFruits": {
      "value": ""
    },
    "defaultFeatures": [
      "Caves",
      "Ores",
      "FrozenTopLayer"
    ],
    "spawnStronghold": false,
    "spawnMineshaft": false,
    "spawnMineshaftMesa": false,
    "spawnPillagerOutpost": false,
    "villageType": "snowy",
    "spawnWoodlandMansion": false,
    "spawnJungleTemple": false,
    "spawnDesertPyramid": false,
    "spawnSwampHut": false,
    "spawnIgloo": true,
    "spawnOceanMonument": false,
    "spawnShipwreck": true,
    "spawnShipwreckBeached": true,
    "spawnBuriedTreasure": true,
    "oceanRuinType": "NONE",
    "spawnNetherBridge": false,
    "spawnNetherFossil": false,
    "spawnBastionRemnant": false,
    "spawnEndCity": false,
    "spawnRuinedPortal": "NONE",
    "spawnEntries": [
      {
        "entity": {
          "value": "CUSTOM:Sans"
        },
        "minGroup": 1,
        "maxGroup": 1,
        "weight": 1,
        "spawnType": "creature"
      },
      {
        "entity": {
          "value": "EntityVillager"
        },
        "minGroup": 49,
        "maxGroup": 64,
        "weight": 35,
        "spawnType": "creature"
      }
    ]
  }
}