{
  "_fv": 60,
  "_type": "dimension",
  "definition": {
    "biomesInDimension": [
      {
        "value": "badlands"
      }
    ],
    "worldGenType": "Normal world gen",
    "mainFillerBlock": {
      "value": "Blocks.BARRIER"
    },
    "fluidBlock": {
      "value": "Blocks.STRUCTURE_VOID"
    },
    "canRespawnHere": false,
    "hasFog": false,
    "isDark": false,
    "doesWaterVaporize": true,
    "sleepResult": "BED_EXPLODES",
    "hasSkyLight": false,
    "imitateOverworldBehaviour": false,
    "portalFrame": {
      "value": "Blocks.LOG#0"
    },
    "portalParticles": {
      "value": "PORTAL"
    },
    "portalLuminance": 0,
    "portalSound": {
      "value": "block.portal.ambient"
    },
    "enableIgniter": true,
    "igniterName": "Theupsidedown Portal Igniter",
    "igniterRarity": "COMMON",
    "specialInformation": {
      "fixedValue": [
        "portol"
      ]
    },
    "igniterTab": {
      "value": "TOOLS"
    },
    "texture": "border",
    "portalTexture": "wth",
    "enablePortal": true
  }
}