{
  "_fv": 60,
  "_type": "recipe",
  "definition": {
    "recipeType": "Crafting",
    "recipeRetstackSize": 1,
    "group": "",
    "cookingBookCategory": "MISC",
    "xpReward": 0.0,
    "cookingTime": 200,
    "craftingBookCategory": "MISC",
    "recipeShapeless": false,
    "recipeSlots": [
      {
        "value": "CUSTOM:Cryingore"
      },
      {
        "value": "Blocks.CRIMSON_HYPHAE"
      },
      {
        "value": "CUSTOM:Cryingore"
      },
      {
        "value": "CUSTOM:Cryingoreblock"
      },
      {
        "value": "Blocks.REDSTONE_BLOCK"
      },
      {
        "value": "CUSTOM:Cryingoreblock"
      },
      {
        "value": ""
      },
      {
        "value": "Blocks.REDSTONE_BLOCK"
      },
      {
        "value": ""
      }
    ],
    "recipeReturnStack": {
      "value": "CUSTOM:Cringbattleaxe"
    },
    "name": "cringbattleaxerecipe",
    "namespace": "mod"
  }
}