{
  "_fv": 60,
  "_type": "armor",
  "definition": {
    "enableHelmet": true,
    "textureHelmet": "d_head",
    "enableBody": true,
    "textureBody": "d_body",
    "enableLeggings": true,
    "textureLeggings": "d_leggings",
    "enableBoots": true,
    "textureBoots": "d_boots",
    "onHelmetTick": {
      "name": "Boom"
    },
    "onBodyTick": {
      "name": "RainEffectStartedapplied"
    },
    "onLeggingsTick": {
      "name": "RainEffectStartedapplied"
    },
    "onBootsTick": {
      "name": "RainEffectStartedapplied"
    },
    "creativeTab": {
      "value": "COMBAT"
    },
    "armorTextureFile": "d",
    "helmetName": "D Helmet",
    "bodyName": "D Chestplate",
    "leggingsName": "D Leggings",
    "bootsName": "D Boots",
    "helmetSpecialInformation": {
      "fixedValue": []
    },
    "bodySpecialInformation": {
      "fixedValue": []
    },
    "leggingsSpecialInformation": {
      "fixedValue": []
    },
    "bootsSpecialInformation": {
      "fixedValue": []
    },
    "helmetModelName": "Default",
    "helmetModelPart": "Helmet",
    "helmetModelTexture": "From armor",
    "bodyModelName": "Default",
    "bodyModelPart": "Body",
    "armsModelPartL": "Arms L",
    "armsModelPartR": "Arms R",
    "bodyModelTexture": "From armor",
    "leggingsModelName": "Default",
    "leggingsModelPartL": "Leggings L",
    "leggingsModelPartR": "Leggings R",
    "leggingsModelTexture": "From armor",
    "bootsModelName": "Default",
    "bootsModelPartL": "Boots L",
    "bootsModelPartR": "Boots R",
    "bootsModelTexture": "From armor",
    "helmetItemRenderType": 0,
    "helmetItemCustomModelName": "Normal",
    "bodyItemRenderType": 0,
    "bodyItemCustomModelName": "Normal",
    "leggingsItemRenderType": 0,
    "leggingsItemCustomModelName": "Normal",
    "bootsItemRenderType": 0,
    "bootsItemCustomModelName": "Normal",
    "helmetImmuneToFire": false,
    "bodyImmuneToFire": false,
    "leggingsImmuneToFire": false,
    "bootsImmuneToFire": false,
    "helmetPiglinNeutral": {
      "fixedValue": false
    },
    "bodyPiglinNeutral": {
      "fixedValue": false
    },
    "leggingsPiglinNeutral": {
      "fixedValue": false
    },
    "bootsPiglinNeutral": {
      "fixedValue": false
    },
    "maxDamage": 15,
    "damageValueHelmet": 3,
    "damageValueBody": 10,
    "damageValueLeggings": 5,
    "damageValueBoots": 2,
    "enchantability": 48,
    "toughness": 10.0,
    "knockbackResistance": 3.0,
    "equipSound": {
      "value": ""
    },
    "repairItems": [
      {
        "value": "CUSTOM:Nuke"
      }
    ]
  }
}