{
  "_fv": 60,
  "_type": "biome",
  "definition": {
    "name": "Timmyforest",
    "groundBlock": {
      "value": "Blocks.GRASS"
    },
    "undergroundBlock": {
      "value": "Blocks.WOOL#5"
    },
    "underwaterBlock": {
      "value": "Blocks.AMETHYST_BLOCK"
    },
    "airColor": {
      "value": -205,
      "falpha": 0.0
    },
    "grassColor": {
      "value": -65485,
      "falpha": 0.0
    },
    "foliageColor": {
      "value": -13369345,
      "falpha": 0.0
    },
    "waterColor": {
      "value": -13369549,
      "falpha": 0.0
    },
    "waterFogColor": {
      "value": -16776961,
      "falpha": 0.0
    },
    "ambientSound": {
      "value": ""
    },
    "additionsSound": {
      "value": ""
    },
    "music": {
      "value": ""
    },
    "moodSound": {
      "value": ""
    },
    "moodSoundDelay": 6000,
    "spawnParticles": false,
    "particleToSpawn": {
      "value": "EXPLOSION_NORMAL"
    },
    "particlesProbability": 0.5,
    "rainingPossibility": 0.5,
    "temperature": 0.5,
    "spawnBiome": true,
    "spawnInCaves": false,
    "spawnBiomeNether": true,
    "genTemperature": {
      "min": -0.5,
      "max": 0.5
    },
    "genHumidity": {
      "min": -0.5,
      "max": 0.5
    },
    "genContinentalness": {
      "min": 0.3,
      "max": 1.0
    },
    "genErosion": {
      "min": -0.5,
      "max": 0.5
    },
    "genWeirdness": {
      "min": -1.0,
      "max": 1.0
    },
    "treesPerChunk": 10,
    "vanillaTreeType": "Default",
    "treeType": 1,
    "minHeight": 7,
    "treeStem": {
      "value": "CUSTOM:Waterwood"
    },
    "treeBranch": {
      "value": "Blocks.FLOWERING_AZALEA_LEAVES"
    },
    "treeVines": {
      "value": ""
    },
    "treeFruits": {
      "value": "Blocks.SWEET_BERRY_BUSH"
    },
    "defaultFeatures": [
      "Caves",
      "Ores",
      "FrozenTopLayer"
    ],
    "spawnStronghold": true,
    "spawnMineshaft": true,
    "spawnMineshaftMesa": false,
    "spawnPillagerOutpost": false,
    "villageType": "plains",
    "spawnWoodlandMansion": false,
    "spawnJungleTemple": false,
    "spawnDesertPyramid": false,
    "spawnSwampHut": false,
    "spawnIgloo": false,
    "spawnOceanMonument": false,
    "spawnShipwreck": false,
    "spawnShipwreckBeached": false,
    "spawnBuriedTreasure": false,
    "oceanRuinType": "NONE",
    "spawnNetherBridge": false,
    "spawnNetherFossil": false,
    "spawnBastionRemnant": false,
    "spawnEndCity": false,
    "spawnRuinedPortal": "NONE",
    "spawnEntries": [
      {
        "entity": {
          "value": "CUSTOM:Timmy"
        },
        "minGroup": 5,
        "maxGroup": 5,
        "weight": 20,
        "spawnType": "axolotls"
      }
    ]
  }
}