{
  "parent": "block/cube",
  "textures": {
    "down": "maxwell_nichols_masters:block/redstone_and_gold",
    "up": "maxwell_nichols_masters:block/redstone_and_gold",
    "north": "maxwell_nichols_masters:block/redstone_and_gold",
    "east": "maxwell_nichols_masters:block/redstone_and_gold",
    "south": "maxwell_nichols_masters:block/redstone_and_gold",
    "west": "maxwell_nichols_masters:block/redstone_and_gold",
    "particle": "maxwell_nichols_masters:block/redstone_and_gold"
  },
  "render_type": "solid"
}