{
  "_fv": 60,
  "_type": "tool",
  "definition": {
    "toolType": "Axe",
    "renderType": 0,
    "blockingRenderType": 0,
    "texture": "5",
    "customModelName": "Normal",
    "blockingModelName": "Normal blocking",
    "name": "NoName Axe",
    "specialInformation": {
      "fixedValue": []
    },
    "creativeTab": {
      "value": "TOOLS"
    },
    "harvestLevel": 20,
    "efficiency": 100.0,
    "attackSpeed": 9.0,
    "enchantability": 140,
    "damageVsEntity": 90.0,
    "usageCount": 10000,
    "blocksAffected": [],
    "glowCondition": {
      "fixedValue": false
    },
    "repairItems": [
      {
        "value": "CUSTOM:NoNameGem"
      }
    ],
    "immuneToFire": false,
    "stayInGridWhenCrafting": false,
    "damageOnCrafting": false
  }
}