{
  "_fv": 60,
  "_type": "tool",
  "definition": {
    "toolType": "Fishing rod",
    "renderType": 0,
    "blockingRenderType": 0,
    "texture": "8",
    "customModelName": "Normal",
    "blockingModelName": "Normal blocking",
    "name": "No Name Rod",
    "specialInformation": {
      "fixedValue": []
    },
    "creativeTab": {
      "value": "TOOLS"
    },
    "harvestLevel": 1,
    "efficiency": 4.0,
    "attackSpeed": 1.0,
    "enchantability": 5,
    "damageVsEntity": 4.0,
    "usageCount": 10000,
    "blocksAffected": [],
    "glowCondition": {
      "fixedValue": false
    },
    "repairItems": [],
    "immuneToFire": false,
    "stayInGridWhenCrafting": false,
    "damageOnCrafting": false
  }
}