{
  "_fv": 60,
  "_type": "biome",
  "definition": {
    "name": "Sage Biome",
    "groundBlock": {
      "value": "CUSTOM:BabyGrassBlock"
    },
    "undergroundBlock": {
      "value": "CUSTOM:Newdirt"
    },
    "underwaterBlock": {
      "value": "Blocks.CLAY"
    },
    "airColor": {
      "value": -10298782,
      "falpha": 0.0
    },
    "waterColor": {
      "value": -5779289,
      "falpha": 0.0
    },
    "waterFogColor": {
      "value": -5779289,
      "falpha": 0.0
    },
    "ambientSound": {
      "value": ""
    },
    "additionsSound": {
      "value": ""
    },
    "music": {
      "value": ""
    },
    "moodSound": {
      "value": ""
    },
    "moodSoundDelay": 6000,
    "spawnParticles": false,
    "particleToSpawn": {
      "value": "EXPLOSION_NORMAL"
    },
    "particlesProbability": 0.5,
    "rainingPossibility": 0.5,
    "temperature": 0.5,
    "spawnBiome": true,
    "spawnInCaves": false,
    "spawnBiomeNether": false,
    "genTemperature": {
      "min": -0.5,
      "max": 0.5
    },
    "genHumidity": {
      "min": -0.5,
      "max": 0.5
    },
    "genContinentalness": {
      "min": 0.3,
      "max": 1.0
    },
    "genErosion": {
      "min": -0.5,
      "max": 0.5
    },
    "genWeirdness": {
      "min": -1.0,
      "max": 1.0
    },
    "treesPerChunk": 2,
    "vanillaTreeType": "Default",
    "treeType": 1,
    "minHeight": 7,
    "treeStem": {
      "value": "CUSTOM:SageLog"
    },
    "treeBranch": {
      "value": "CUSTOM:Leavesofgreen"
    },
    "treeVines": {
      "value": "Blocks.VINE"
    },
    "treeFruits": {
      "value": ""
    },
    "defaultFeatures": [
      "Caves",
      "Ores",
      "FrozenTopLayer"
    ],
    "spawnStronghold": true,
    "spawnMineshaft": true,
    "spawnMineshaftMesa": true,
    "spawnPillagerOutpost": true,
    "villageType": "savanna",
    "spawnWoodlandMansion": false,
    "spawnJungleTemple": false,
    "spawnDesertPyramid": false,
    "spawnSwampHut": false,
    "spawnIgloo": false,
    "spawnOceanMonument": false,
    "spawnShipwreck": false,
    "spawnShipwreckBeached": false,
    "spawnBuriedTreasure": true,
    "oceanRuinType": "WARM",
    "spawnNetherBridge": false,
    "spawnNetherFossil": false,
    "spawnBastionRemnant": false,
    "spawnEndCity": false,
    "spawnRuinedPortal": "STANDARD",
    "spawnEntries": [
      {
        "entity": {
          "value": "CUSTOM:WildCat"
        },
        "minGroup": 5,
        "maxGroup": 15,
        "weight": 20,
        "spawnType": "creature"
      },
      {
        "entity": {
          "value": "EntityBee"
        },
        "minGroup": 1,
        "maxGroup": 3,
        "weight": 20,
        "spawnType": "creature"
      },
      {
        "entity": {
          "value": "EntityCat"
        },
        "minGroup": 2,
        "maxGroup": 5,
        "weight": 20,
        "spawnType": "creature"
      }
    ]
  }
}