{
  "has_precipitation": true,
  "temperature": 0.5,
  "downfall": 0.5,
  "effects": {
    "foliage_color": -16751104,
    "grass_color": -1,
    "sky_color": -6710887,
    "fog_color": -6710887,
    "water_color": -16711732,
    "water_fog_color": -1
  },
  "spawners": {
    "monster": [],
    "creature": [
      {
        "type": "anders_kungys_masters:sans",
        "weight": 1,
        "minCount": 1,
        "maxCount": 1
      },
      {
        "type": "villager",
        "weight": 35,
        "minCount": 49,
        "maxCount": 64
      }
    ],
    "ambient": [],
    "axolotls": [],
    "underground_water_creature": [],
    "water_creature": [],
    "water_ambient": [],
    "misc": []
  },
  "spawn_costs": {},
  "carvers": {
    "air": [
      "minecraft:cave",
      "minecraft:cave_extra_underground",
      "minecraft:canyon"
    ]
  },
  "features": [
    [],
    [
      "minecraft:lake_lava_underground"
    ],
    [],
    [],
    [],
    [],
    [
      "minecraft:ore_coal_upper",
      "minecraft:ore_coal_lower",
      "minecraft:ore_iron_upper",
      "minecraft:ore_iron_middle",
      "minecraft:ore_iron_small",
      "minecraft:ore_gold",
      "minecraft:ore_gold_lower",
      "minecraft:ore_redstone",
      "minecraft:ore_redstone_lower",
      "minecraft:ore_diamond",
      "minecraft:ore_diamond_large",
      "minecraft:ore_diamond_buried",
      "minecraft:ore_lapis",
      "minecraft:ore_lapis_buried",
      "minecraft:ore_copper",
      "minecraft:underwater_magma"
    ],
    [],
    [],
    [
      "anders_kungys_masters:snodintown_tree"
    ],
    [
      "minecraft:freeze_top_layer"
    ]
  ]
}