{
  "_fv": 60,
  "_type": "tool",
  "definition": {
    "toolType": "Sword",
    "renderType": 0,
    "blockingRenderType": 0,
    "texture": "death_bladee",
    "customModelName": "Normal",
    "blockingModelName": "Normal blocking",
    "name": "Deathblade",
    "specialInformation": {
      "fixedValue": []
    },
    "creativeTab": {
      "value": "TOOLS"
    },
    "harvestLevel": 1,
    "efficiency": 1.0,
    "attackSpeed": 0.0,
    "enchantability": 25,
    "damageVsEntity": 697.0,
    "usageCount": 2031,
    "blocksAffected": [],
    "glowCondition": {
      "fixedValue": false
    },
    "repairItems": [
      {
        "value": "CUSTOM:Deathingot"
      }
    ],
    "immuneToFire": true,
    "stayInGridWhenCrafting": true,
    "damageOnCrafting": false,
    "onEntitySwing": {
      "name": "Explosion"
    }
  }
}