{
  "_fv": 60,
  "_type": "villagertrade",
  "definition": {
    "tradeEntries": [
      {
        "villagerProfession": {
          "value": "WEAPONSMITH"
        },
        "entries": [
          {
            "price1": {
              "value": "Items.EMERALD"
            },
            "countPrice1": 40,
            "price2": {
              "value": ""
            },
            "countPrice2": 1,
            "offer": {
              "value": "Items.DIAMOND"
            },
            "countOffer": 64,
            "level": 4,
            "maxTrades": 5,
            "xp": 20,
            "priceMultiplier": 0.09999999999999999
          }
        ]
      }
    ]
  }
}