{
  "_fv": 60,
  "_type": "villagertrade",
  "definition": {
    "tradeEntries": [
      {
        "villagerProfession": {
          "value": "CLERIC"
        },
        "entries": [
          {
            "price1": {
              "value": "Blocks.EMERALD_BLOCK"
            },
            "countPrice1": 5,
            "price2": {
              "value": ""
            },
            "countPrice2": 1,
            "offer": {
              "value": "Items.ENDER_EYE"
            },
            "countOffer": 3,
            "level": 5,
            "maxTrades": 10,
            "xp": 5,
            "priceMultiplier": 0.05
          }
        ]
      }
    ]
  }
}