{
  "_fv": 60,
  "_type": "armor",
  "definition": {
    "enableHelmet": true,
    "textureHelmet": "grim_reaper_head",
    "enableBody": true,
    "textureBody": "grim_reaper_body",
    "enableLeggings": true,
    "textureLeggings": "grim_reaper_leggings",
    "enableBoots": true,
    "textureBoots": "grim_reaper_boots",
    "onBodyTick": {
      "name": "GrimreaperarmorChestplateTickEvent"
    },
    "creativeTab": {
      "value": "COMBAT"
    },
    "armorTextureFile": "grim_reaper",
    "helmetName": "Grim reaper armor Helmet",
    "bodyName": "Grim reaper armor Chestplate",
    "leggingsName": "Grim reaper armor Leggings",
    "bootsName": "Grim reaper armor Boots",
    "helmetSpecialInformation": {
      "fixedValue": []
    },
    "bodySpecialInformation": {
      "fixedValue": []
    },
    "leggingsSpecialInformation": {
      "fixedValue": []
    },
    "bootsSpecialInformation": {
      "fixedValue": []
    },
    "helmetModelName": "Default",
    "helmetModelPart": "Helmet",
    "helmetModelTexture": "From armor",
    "bodyModelName": "Default",
    "bodyModelPart": "Body",
    "armsModelPartL": "Arms L",
    "armsModelPartR": "Arms R",
    "bodyModelTexture": "From armor",
    "leggingsModelName": "Default",
    "leggingsModelPartL": "Leggings L",
    "leggingsModelPartR": "Leggings R",
    "leggingsModelTexture": "From armor",
    "bootsModelName": "Default",
    "bootsModelPartL": "Boots L",
    "bootsModelPartR": "Boots R",
    "bootsModelTexture": "From armor",
    "helmetItemRenderType": 0,
    "helmetItemCustomModelName": "Normal",
    "bodyItemRenderType": 0,
    "bodyItemCustomModelName": "Normal",
    "leggingsItemRenderType": 0,
    "leggingsItemCustomModelName": "Normal",
    "bootsItemRenderType": 0,
    "bootsItemCustomModelName": "Normal",
    "helmetImmuneToFire": false,
    "bodyImmuneToFire": false,
    "leggingsImmuneToFire": false,
    "bootsImmuneToFire": false,
    "helmetPiglinNeutral": {
      "fixedValue": false
    },
    "bodyPiglinNeutral": {
      "fixedValue": false
    },
    "leggingsPiglinNeutral": {
      "fixedValue": false
    },
    "bootsPiglinNeutral": {
      "fixedValue": false
    },
    "maxDamage": 1000,
    "damageValueHelmet": 25,
    "damageValueBody": 100,
    "damageValueLeggings": 200,
    "damageValueBoots": 50,
    "enchantability": 9,
    "toughness": 5.0,
    "knockbackResistance": 1.0,
    "equipSound": {
      "value": ""
    },
    "repairItems": []
  }
}