{
  "_fv": 60,
  "_type": "dimension",
  "definition": {
    "biomesInDimension": [
      {
        "value": "CUSTOM:Upidedown"
      }
    ],
    "worldGenType": "Normal world gen",
    "mainFillerBlock": {
      "value": "Blocks.BLACKSTONE"
    },
    "fluidBlock": {
      "value": "Blocks.LAVA"
    },
    "airColor": {
      "value": -6750208,
      "falpha": 0.0
    },
    "canRespawnHere": true,
    "hasFog": true,
    "isDark": false,
    "doesWaterVaporize": false,
    "sleepResult": "DENY",
    "hasSkyLight": false,
    "imitateOverworldBehaviour": false,
    "portalFrame": {
      "value": "Blocks.BLACKSTONE"
    },
    "portalParticles": {
      "value": "PORTAL"
    },
    "portalLuminance": 0,
    "portalSound": {
      "value": "block.portal.ambient"
    },
    "enableIgniter": true,
    "igniterName": "Upsidedown Portal Igniter",
    "igniterRarity": "COMMON",
    "specialInformation": {
      "fixedValue": []
    },
    "igniterTab": {
      "value": "REDSTONE"
    },
    "texture": "death_bladee",
    "portalTexture": "death_ore",
    "enablePortal": true
  }
}