{
  "_fv": 60,
  "_type": "tool",
  "definition": {
    "toolType": "Sword",
    "renderType": 0,
    "blockingRenderType": 0,
    "texture": "oliver",
    "customModelName": "Normal",
    "blockingModelName": "Normal blocking",
    "name": "Oliversword",
    "specialInformation": {
      "fixedValue": []
    },
    "creativeTab": {
      "value": "COMBAT"
    },
    "harvestLevel": 1024,
    "efficiency": 1024.0,
    "attackSpeed": 1.0,
    "enchantability": 1024,
    "damageVsEntity": 1024.0,
    "usageCount": 1024,
    "blocksAffected": [],
    "glowCondition": {
      "fixedValue": false
    },
    "repairItems": [],
    "immuneToFire": false,
    "stayInGridWhenCrafting": false,
    "damageOnCrafting": false,
    "onEntityHitWith": {
      "name": "OliverswordLivingEntityIsHitWithTool"
    }
  }
}