{
  "_fv": 60,
  "_type": "biome",
  "definition": {
    "name": "Redbiome",
    "groundBlock": {
      "value": "CUSTOM:Redgrass"
    },
    "undergroundBlock": {
      "value": "CUSTOM:Reddirt"
    },
    "underwaterBlock": {
      "value": "Blocks.WATER"
    },
    "airColor": {
      "value": -6750208,
      "falpha": 0.0
    },
    "grassColor": {
      "value": -6750208,
      "falpha": 0.0
    },
    "foliageColor": {
      "value": -6750208,
      "falpha": 0.0
    },
    "waterColor": {
      "value": -16777012,
      "falpha": 0.0
    },
    "waterFogColor": {
      "value": -3355393,
      "falpha": 0.0
    },
    "ambientSound": {
      "value": "ambient.cave"
    },
    "additionsSound": {
      "value": "ambient.cave"
    },
    "music": {
      "value": "ambient.cave"
    },
    "moodSound": {
      "value": "ambient.cave"
    },
    "moodSoundDelay": 6000,
    "spawnParticles": false,
    "particleToSpawn": {
      "value": "EXPLOSION_NORMAL"
    },
    "particlesProbability": 0.5,
    "rainingPossibility": 0.5,
    "temperature": 0.5,
    "spawnBiome": true,
    "spawnInCaves": false,
    "spawnBiomeNether": false,
    "genTemperature": {
      "min": -0.4999,
      "max": 0.5001
    },
    "genHumidity": {
      "min": -0.4999,
      "max": 0.5001
    },
    "genContinentalness": {
      "min": 0.3,
      "max": 1.0001
    },
    "genErosion": {
      "min": -0.5,
      "max": 0.5001
    },
    "genWeirdness": {
      "min": -1.0,
      "max": 1.0001
    },
    "treesPerChunk": 1,
    "vanillaTreeType": "Birch trees",
    "treeType": 1,
    "minHeight": 8,
    "treeStem": {
      "value": "CUSTOM:Redlog"
    },
    "treeBranch": {
      "value": "CUSTOM:Redleaf"
    },
    "treeVines": {
      "value": ""
    },
    "treeFruits": {
      "value": "CUSTOM:Redfern"
    },
    "defaultFeatures": [
      "Caves",
      "Ores",
      "FrozenTopLayer"
    ],
    "spawnStronghold": false,
    "spawnMineshaft": true,
    "spawnMineshaftMesa": true,
    "spawnPillagerOutpost": false,
    "villageType": "none",
    "spawnWoodlandMansion": false,
    "spawnJungleTemple": false,
    "spawnDesertPyramid": true,
    "spawnSwampHut": false,
    "spawnIgloo": false,
    "spawnOceanMonument": true,
    "spawnShipwreck": true,
    "spawnShipwreckBeached": false,
    "spawnBuriedTreasure": true,
    "oceanRuinType": "NONE",
    "spawnNetherBridge": false,
    "spawnNetherFossil": false,
    "spawnBastionRemnant": false,
    "spawnEndCity": false,
    "spawnRuinedPortal": "NONE",
    "spawnEntries": [
      {
        "entity": {
          "value": "CUSTOM:Redslime"
        },
        "minGroup": 10,
        "maxGroup": 20,
        "weight": 20,
        "spawnType": "monster"
      },
      {
        "entity": {
          "value": "EntityCaveSpider"
        },
        "minGroup": 11,
        "maxGroup": 17,
        "weight": 20,
        "spawnType": "monster"
      },
      {
        "entity": {
          "value": "EntityCreeper"
        },
        "minGroup": 14,
        "maxGroup": 20,
        "weight": 20,
        "spawnType": "monster"
      },
      {
        "entity": {
          "value": "EntitySlime"
        },
        "minGroup": 4,
        "maxGroup": 15,
        "weight": 20,
        "spawnType": "monster"
      },
      {
        "entity": {
          "value": "CUSTOM:Redslime"
        },
        "minGroup": 4,
        "maxGroup": 4,
        "weight": 20,
        "spawnType": "monster"
      }
    ]
  }
}