{
  "_fv": 60,
  "_type": "villagertrade",
  "definition": {
    "tradeEntries": [
      {
        "villagerProfession": {
          "value": "ARMORER"
        },
        "entries": [
          {
            "price1": {
              "value": "Items.APPLE"
            },
            "countPrice1": 62,
            "price2": {
              "value": "CUSTOM:Redslime.spawn_egg"
            },
            "countPrice2": 14,
            "offer": {
              "value": "CUSTOM:Oliversword"
            },
            "countOffer": 31,
            "level": 1,
            "maxTrades": 74,
            "xp": 110,
            "priceMultiplier": 0.12
          }
        ]
      }
    ]
  }
}