{
  "has_precipitation": false,
  "temperature": 2,
  "downfall": 0,
  "effects": {
    "foliage_color": -9281221,
    "grass_color": -9414095,
    "sky_color": 7972607,
    "fog_color": 12638463,
    "water_color": -12958366,
    "water_fog_color": -11254216
  },
  "spawners": {
    "monster": [
      {
        "type": "husk",
        "weight": 20,
        "minCount": 4,
        "maxCount": 4
      },
      {
        "type": "rabbit",
        "weight": 20,
        "minCount": 4,
        "maxCount": 4
      }
    ],
    "creature": [],
    "ambient": [],
    "axolotls": [],
    "underground_water_creature": [],
    "water_creature": [],
    "water_ambient": [],
    "misc": []
  },
  "spawn_costs": {},
  "carvers": {
    "air": [
      "minecraft:cave",
      "minecraft:cave_extra_underground",
      "minecraft:canyon"
    ]
  },
  "features": [
    [],
    [
      "minecraft:lake_lava_underground"
    ],
    [],
    [],
    [],
    [],
    [
      "minecraft:ore_coal_upper",
      "minecraft:ore_coal_lower",
      "minecraft:ore_iron_upper",
      "minecraft:ore_iron_middle",
      "minecraft:ore_iron_small",
      "minecraft:ore_gold",
      "minecraft:ore_gold_lower",
      "minecraft:ore_redstone",
      "minecraft:ore_redstone_lower",
      "minecraft:ore_diamond",
      "minecraft:ore_diamond_large",
      "minecraft:ore_diamond_buried",
      "minecraft:ore_lapis",
      "minecraft:ore_lapis_buried",
      "minecraft:ore_copper",
      "minecraft:underwater_magma"
    ],
    [],
    [],
    [
      "logan_lashley_masters:ded_tree",
      "minecraft:patch_dead_bush_2"
    ],
    []
  ]
}