{
  "has_precipitation": true,
  "temperature": 0.5,
  "downfall": 0.5,
  "effects": {
    "ambient_sound": "ambient.cave",
    "mood_sound": {
      "sound": "ambient.cave",
      "tick_delay": 6000,
      "offset": 8,
      "block_search_extent": 2
    },
    "additions_sound": {
      "sound": "ambient.cave",
      "tick_chance": 0.0111
    },
    "music": {
      "sound": "ambient.cave",
      "min_delay": 12000,
      "max_delay": 24000,
      "replace_current_music": true
    },
    "foliage_color": -6750208,
    "grass_color": -6750208,
    "sky_color": -6750208,
    "fog_color": -6750208,
    "water_color": -16777012,
    "water_fog_color": -3355393
  },
  "spawners": {
    "monster": [
      {
        "type": "oliver_bell_masters:redslime",
        "weight": 20,
        "minCount": 10,
        "maxCount": 20
      },
      {
        "type": "cave_spider",
        "weight": 20,
        "minCount": 11,
        "maxCount": 17
      },
      {
        "type": "creeper",
        "weight": 20,
        "minCount": 14,
        "maxCount": 20
      },
      {
        "type": "slime",
        "weight": 20,
        "minCount": 4,
        "maxCount": 15
      },
      {
        "type": "oliver_bell_masters:redslime",
        "weight": 20,
        "minCount": 4,
        "maxCount": 4
      }
    ],
    "creature": [],
    "ambient": [],
    "axolotls": [],
    "underground_water_creature": [],
    "water_creature": [],
    "water_ambient": [],
    "misc": []
  },
  "spawn_costs": {},
  "carvers": {
    "air": [
      "minecraft:cave",
      "minecraft:cave_extra_underground",
      "minecraft:canyon"
    ]
  },
  "features": [
    [],
    [
      "minecraft:lake_lava_underground"
    ],
    [],
    [],
    [],
    [],
    [
      "minecraft:ore_coal_upper",
      "minecraft:ore_coal_lower",
      "minecraft:ore_iron_upper",
      "minecraft:ore_iron_middle",
      "minecraft:ore_iron_small",
      "minecraft:ore_gold",
      "minecraft:ore_gold_lower",
      "minecraft:ore_redstone",
      "minecraft:ore_redstone_lower",
      "minecraft:ore_diamond",
      "minecraft:ore_diamond_large",
      "minecraft:ore_diamond_buried",
      "minecraft:ore_lapis",
      "minecraft:ore_lapis_buried",
      "minecraft:ore_copper",
      "minecraft:underwater_magma"
    ],
    [],
    [],
    [
      "oliver_bell_masters:redbiome_tree"
    ],
    [
      "minecraft:freeze_top_layer"
    ]
  ]
}