{
  "_fv": 60,
  "_type": "biome",
  "definition": {
    "name": "Yummybiome",
    "groundBlock": {
      "value": "CUSTOM:Yummygrass"
    },
    "undergroundBlock": {
      "value": "CUSTOM:Yummygrass"
    },
    "underwaterBlock": {
      "value": "Blocks.SAND#0"
    },
    "airColor": {
      "value": -256,
      "falpha": 0.0
    },
    "foliageColor": {
      "value": -256,
      "falpha": 0.0
    },
    "waterColor": {
      "value": -256,
      "falpha": 0.0
    },
    "ambientSound": {
      "value": ""
    },
    "additionsSound": {
      "value": ""
    },
    "music": {
      "value": ""
    },
    "moodSound": {
      "value": ""
    },
    "moodSoundDelay": 6000,
    "spawnParticles": false,
    "particleToSpawn": {
      "value": "EXPLOSION_NORMAL"
    },
    "particlesProbability": 0.5,
    "rainingPossibility": 0.5,
    "temperature": 0.5,
    "spawnBiome": true,
    "spawnInCaves": false,
    "spawnBiomeNether": false,
    "genTemperature": {
      "min": -0.5,
      "max": 0.5
    },
    "genHumidity": {
      "min": -0.5,
      "max": 0.5
    },
    "genContinentalness": {
      "min": 0.3,
      "max": 1.0
    },
    "genErosion": {
      "min": -0.5,
      "max": 0.5
    },
    "genWeirdness": {
      "min": -1.0,
      "max": 1.0
    },
    "treesPerChunk": 9,
    "vanillaTreeType": "Default",
    "treeType": 1,
    "minHeight": 7,
    "treeStem": {
      "value": "CUSTOM:Yummywood"
    },
    "treeBranch": {
      "value": "Blocks.LEAVES#0"
    },
    "treeVines": {
      "value": ""
    },
    "treeFruits": {
      "value": ""
    },
    "defaultFeatures": [
      "Caves",
      "Ores",
      "FrozenTopLayer"
    ],
    "spawnStronghold": false,
    "spawnMineshaft": false,
    "spawnMineshaftMesa": false,
    "spawnPillagerOutpost": false,
    "villageType": "none",
    "spawnWoodlandMansion": false,
    "spawnJungleTemple": true,
    "spawnDesertPyramid": true,
    "spawnSwampHut": false,
    "spawnIgloo": false,
    "spawnOceanMonument": false,
    "spawnShipwreck": false,
    "spawnShipwreckBeached": false,
    "spawnBuriedTreasure": true,
    "oceanRuinType": "COLD",
    "spawnNetherBridge": false,
    "spawnNetherFossil": false,
    "spawnBastionRemnant": false,
    "spawnEndCity": true,
    "spawnRuinedPortal": "DESERT",
    "spawnEntries": [
      {
        "entity": {
          "value": "CUSTOM:Viod"
        },
        "minGroup": 4,
        "maxGroup": 4,
        "weight": 40,
        "spawnType": "creature"
      }
    ]
  }
}